qpcr_scheme	oligo_type	start	stop	seq	size	gc_best	temp_best	mean_gc	mean_temp	score
QPCR_SCHEME_0	probe	276	300	tccggcccctgaatgcggctaatc	24	62.5	67.2	62.5	67.2	1.5
QPCR_SCHEME_0	left	239	263	caaggtgtgaagagcctattgagc	24	50.0	59.9	50.0	59.9	1.7
QPCR_SCHEME_0	right	373	395	aggaaacacggacacccaaagt	22	50.0	60.4	50.0	60.4	1.3
QPCR_SCHEME_1	probe	1692	1720	tccacccatagacataccaggggaggtg	28	57.1	66.8	57.1	66.8	2.5
QPCR_SCHEME_1	left	1662	1684	tccgtgtgcratacctgagttt	22	50.0	60.0	47.7	59.2	1.1
QPCR_SCHEME_1	right	1730	1753	ggtgtctatttccgccaattcca	23	47.8	59.3	47.8	59.3	2.8
QPCR_SCHEME_2	probe	1866	1892	cgcttcagaccccagattggcacaca	26	57.7	67.4	57.7	67.4	2.1
QPCR_SCHEME_2	left	1840	1862	ccratcttgtgtctctcgttgt	22	50.0	58.4	47.7	57.5	4.1
QPCR_SCHEME_2	right	1967	1989	aacttyccggtggccatcattg	22	50.0	59.8	52.3	60.7	1.5
QPCR_SCHEME_3	probe	1006	1030	tttccaccaccaccctctggactc	24	58.3	64.2	58.3	64.2	6.6
QPCR_SCHEME_3	left	859	879	acycaagaagcggccaattc	20	55.0	59.2	52.5	57.9	3.6
QPCR_SCHEME_3	right	1035	1059	aaccccatgtctttyaaagcgtct	24	41.7	59.2	43.8	60.2	5.1
