amlicon_name	amplicon_length	primer_name	pool	start	stop	seq	size	gc_best	temp_best	mean_gc	mean_temp	score
amplicon_0	261	FW_0	0	31	54	accaaccaactttygatctcttgt	24	41.7	58.9	39.6	58.0	5.7
amplicon_0	261	RW_10	0	270	291	ttgaaaccagggacaaggctct	22	50.0	59.9	50.0	59.9	0.7
amplicon_1	314	FW_22	0	447	468	tgcctcaacttgaacarcccta	22	50.0	59.9	47.7	58.9	0.8
amplicon_1	314	RW_37	0	740	760	ttcacgggtaacaccactgct	21	52.4	59.9	52.4	59.9	0.7
amplicon_2	350	FW_49	0	934	955	ctgccgygaacatgagcatgaa	22	50.0	59.8	52.3	61.1	1.1
amplicon_2	350	RW_64	0	1261	1283	cagtgccacaaaattcrcaagtg	23	47.8	60.0	45.7	58.8	1.7
amplicon_3	357	FW_79	0	1519	1540	acgtgytagcgctaacataggt	22	50.0	59.9	47.7	58.9	0.9
amplicon_3	357	RW_89	0	1855	1875	acaacacgagcarcctctgat	21	52.4	60.0	50.0	59.0	0.7
amplicon_4	328	FW_96	0	2062	2083	tcagttgacttcgcagtggcta	22	50.0	60.0	50.0	60.0	0.5
amplicon_4	328	RW_111	0	2367	2389	tccctttgagtgcgtgayaaatg	23	47.8	60.0	45.7	58.7	1.7
amplicon_5	286	FW_117	0	2585	2608	acaccagtttgtattaacgggctt	24	41.7	59.2	41.7	59.2	4.8
amplicon_5	286	RW_132	0	2849	2870	ccacaacacaggcgaactcatt	22	50.0	59.7	50.0	59.7	1.1
amplicon_6	341	FW_140	0	3124	3145	tggaatttggtgccacttctgc	22	50.0	60.0	50.0	60.0	0.5
amplicon_6	341	RW_150	0	3444	3464	tcctgcaacacctcctccatg	21	57.1	60.1	57.1	60.1	1.6
amplicon_7	306	FW_162	0	3752	3775	tcgcacaaatgtctayttarctgt	24	41.7	58.7	37.5	57.0	6.1
amplicon_7	306	RW_166	0	4034	4057	acaagagtggcagaatctggatga	24	45.8	60.0	45.8	60.0	2.4
amplicon_8	352	FW_176	0	4262	4283	agaggaggcaaagacagtgctt	22	50.0	59.9	50.0	59.9	0.6
amplicon_8	352	RW_190	0	4590	4613	gccatgtgttacatagccaagtgg	24	50.0	60.4	50.0	60.4	2.3
amplicon_9	283	FW_193	0	4755	4776	accatctcacttgctggttcct	22	50.0	59.7	50.0	59.7	1.1
amplicon_9	283	RW_202	0	5015	5037	aagttggaccaaactgttgtcca	23	43.5	58.9	43.5	58.9	4.4
amplicon_10	362	FW_207	0	5318	5340	tccacctgctctacaagatgctt	23	47.8	59.8	47.8	59.8	1.9
amplicon_10	362	RW_224	0	5656	5679	yaggtggtgctgacatcataacaa	24	45.8	59.5	43.8	58.9	3.5
amplicon_11	349	FW_229	0	5996	6018	ccaaccatatccaaacgcaagct	23	47.8	60.1	47.8	60.1	1.7
amplicon_11	349	RW_245	0	6323	6344	cgcgtcctctgacttcagtaca	22	54.5	60.1	54.5	60.1	1.6
amplicon_12	277	FW_248	0	6606	6629	cccttgctaytcatggtttagctg	24	50.0	59.7	47.9	58.9	2.4
amplicon_12	277	RW_256	0	6859	6882	gcctctagacaaaatttaccgaca	24	41.7	57.2	41.7	57.2	8.7
amplicon_13	269	FW_257	0	7188	7211	aatgggatttaactgcttttggct	24	37.5	57.9	37.5	57.9	8.3
amplicon_13	269	RW_267	0	7435	7456	acaaccgtctacaacatgcaca	22	45.5	58.8	45.5	58.8	3.8
amplicon_14	356	FW_267	0	7649	7672	gttgcgagagacttgtcactacag	24	50.0	59.6	50.0	59.6	2.4
amplicon_14	356	RW_281	0	7983	8004	gcaacttccgcactatcaccaa	22	50.0	59.5	50.0	59.5	1.5
amplicon_15	301	FW_277	0	8142	8163	ttatttcagcagctcggcaagg	22	50.0	59.6	50.0	59.6	1.4
amplicon_15	301	RW_294	0	8419	8442	gcagcactacgtatttgttttcgt	24	41.7	58.8	41.7	58.8	5.6
amplicon_16	353	FW_290	0	8756	8777	tttagccagcgtggtggtagtt	22	50.0	60.3	50.0	60.3	1.0
amplicon_16	353	RW_313	0	9087	9108	acataacgtgtgtcagggcgta	22	50.0	60.0	50.0	60.0	0.6
amplicon_17	262	FW_313	0	9385	9406	agtagctggtggtrttgtrgct	22	50.0	59.5	50.0	59.4	1.9
amplicon_17	262	RW_326	0	9623	9646	aggtgtgaacataaccatccactg	24	45.8	59.0	45.8	59.0	4.3
amplicon_18	325	FW_325	0	9938	9959	tgtcatctygcaaaggctctca	22	50.0	60.0	47.7	59.2	0.8
amplicon_18	325	RW_349	0	10239	10262	ccctgagttgaacattaccagcct	24	50.0	60.8	50.0	60.8	3.2
amplicon_19	352	FW_346	0	10538	10558	actggagttcatgctggcaca	21	52.4	60.3	52.4	60.3	1.0
amplicon_19	352	RW_375	0	10866	10889	aarcactacccaatatggtacgtc	24	45.8	58.6	43.8	57.7	5.3
amplicon_20	290	FW_367	0	11167	11189	accttctcttgccrctgtagctt	23	47.8	60.0	50.0	61.2	1.7
amplicon_20	290	RW_393	0	11433	11456	cagagattataagagcccacatgg	24	45.8	56.9	45.8	56.9	8.5
amplicon_21	339	FW_381	0	11718	11741	gactaytcccaccyaagaatagca	24	50.0	59.9	45.8	57.8	2.2
amplicon_21	339	RW_406	0	12035	12056	ttgccctgttrtccagcatttc	22	50.0	60.0	47.7	58.6	0.7
amplicon_22	328	FW_399	0	12206	12227	gaatttgaccgtgatgcagcca	22	50.0	60.1	50.0	60.1	0.7
amplicon_22	328	RW_425	0	12511	12533	ggatttcccacaatgctgatgca	23	47.8	60.1	47.8	60.1	1.7
amplicon_23	328	FW_418	0	12697	12717	ttgtgcwgccggtactacaca	21	52.4	60.0	52.4	60.0	0.8
amplicon_23	328	RW_452	0	13004	13024	ggcaggcacttctgttgcatt	21	52.4	60.0	52.4	60.0	0.5
amplicon_24	261	FW_442	0	13199	13220	tttggtggtgcatcgtgttgtc	22	50.0	60.2	50.0	60.2	0.9
amplicon_24	261	RW_469	0	13438	13459	cacttacaccgcaaacccgttt	22	50.0	60.2	50.0	60.2	0.9
amplicon_25	284	FW_462	0	13731	13752	agacggtgacatggtaccacat	22	50.0	59.5	50.0	59.5	1.5
amplicon_25	284	RW_485	0	13993	14014	taccagcatttcgcatggcatc	22	50.0	60.0	50.0	60.0	0.6
amplicon_26	334	FW_478	0	14281	14303	tgggatcagayataycacccaaa	23	47.8	59.5	43.5	57.1	2.9
amplicon_26	334	RW_503	0	14593	14614	gtgcagctactgaaaagcacgt	22	50.0	60.0	50.0	60.0	0.5
amplicon_27	319	FW_495	0	14851	14874	tttgattgttacgatggtggctgt	24	41.7	59.5	41.7	59.5	4.3
amplicon_27	319	RW_520	0	15149	15169	tagctcctctagtrgcggcta	21	57.1	59.9	54.8	58.5	1.7
amplicon_28	341	FW_515	0	15406	15427	gaaatggtcatgtgtggcrgtt	22	50.0	60.0	47.7	58.9	0.8
amplicon_28	341	RW_544	0	15723	15746	ctagccactagaccttgagatgca	24	50.0	59.9	50.0	59.9	1.7
amplicon_29	350	FW_532	0	15931	15951	gkgcyggctgttttgtagatg	21	57.1	59.9	52.4	57.8	2.1
amplicon_29	350	RW_565	0	16259	16280	tggtctacgtatrcaagcacca	22	50.0	60.0	47.7	58.5	0.8
amplicon_30	305	FW_553	0	16545	16566	tgtgaytggacaaatgctggtg	22	50.0	59.4	47.7	58.6	1.9
amplicon_30	305	RW_583	0	16827	16849	cctcgrtaaacaacagcatcacc	23	52.2	60.1	50.0	59.1	1.8
amplicon_31	282	FW_576	0	17142	17163	catgccgctgttgatgcactat	22	50.0	59.9	50.0	59.9	0.6
amplicon_31	282	RW_605	0	17403	17423	ttgagcagggtcgccaatgta	21	52.4	60.0	52.4	60.0	0.6
amplicon_32	294	FW_590	0	17536	17557	ggcgttgtcctgctgaaattgt	22	50.0	60.3	50.0	60.3	1.0
amplicon_32	294	RW_622	0	17806	17829	ctgagccctgtgatgaatcaacag	24	50.0	59.9	50.0	59.9	1.7
amplicon_33	308	FW_611	0	18133	18156	ttgacrtacctggcatacytaagg	24	50.0	60.2	45.8	58.3	2.2
amplicon_33	308	RW_644	0	18419	18440	aggcggtggtttagcactaact	22	50.0	60.0	50.0	60.0	0.5
amplicon_34	303	FW_628	0	18572	18593	ggcacatggctttgagttgaca	22	50.0	60.0	50.0	60.0	0.6
amplicon_34	303	RW_664	0	18853	18874	acraagcactcgtggacagcta	22	50.0	60.2	52.3	61.1	1.2
amplicon_35	315	FW_649	0	18991	19013	tyccarttcttcacgacattggt	23	47.8	60.2	43.5	58.6	2.2
amplicon_35	315	RW_683	0	19284	19305	aagcyggtgtgtggaatgcatg	22	50.0	60.0	52.3	61.2	0.8
amplicon_36	353	FW_667	0	19524	19545	gctggctttagcttgtgggttt	22	50.0	60.0	50.0	60.0	0.5
amplicon_36	353	RW_700	0	19853	19876	gctggagcatctcttytgtagtcc	24	50.0	59.6	52.1	60.2	2.4
amplicon_37	326	FW_685	0	20134	20157	agaaagttgatggtrttgtycaac	24	41.7	58.1	37.5	56.0	7.4
amplicon_37	326	RW_712	0	20437	20459	agatgaacctgtttgcgcatctg	23	47.8	60.1	47.8	60.1	1.6
amplicon_38	278	FW_693	0	20651	20672	acckggtgttgctatgcctaat	22	50.0	60.1	47.7	59.0	1.0
amplicon_38	278	RW_723	0	20907	20928	ctgaatcgacaagcagcgtacc	22	54.5	59.9	54.5	59.9	1.6
amplicon_39	301	FW_707	0	21118	21139	ctcttggaggttccgtggctat	22	54.5	59.9	54.5	59.9	1.6
amplicon_39	301	RW_737	0	21395	21418	aaagacataacagcagtacccctt	24	41.7	58.1	41.7	58.1	6.9
amplicon_40	323	FW_719	0	21560	21583	tgcyactagtctctagtcagtgtg	24	50.0	59.5	47.9	58.3	2.6
amplicon_40	323	RW_745	0	21859	21882	aagtagkgactgggtcttcgaatc	24	50.0	59.9	47.9	59.1	2.0
amplicon_41	292	FW_729	0	22011	22034	ctctcagccttttcttatggacct	24	45.8	58.3	45.8	58.3	5.8
amplicon_41	292	RW_749	0	22279	22302	ccacataataagctgcagmamcag	24	50.0	60.5	45.8	58.5	2.8
amplicon_42	313	FW_736	0	22497	22520	acaaacttgtgcccttttsrtgaa	24	37.5	58.2	39.6	59.3	7.9
amplicon_42	313	RW_761	0	22788	22809	tccaagctataacrcarcctgt	22	50.0	60.1	45.5	57.8	1.1
amplicon_43	302	FW_747	0	22987	23010	gtttccracccactwatggtgttg	24	50.0	60.3	47.9	59.5	2.5
amplicon_43	302	RW_774	0	23265	23288	actgacaccaccaaaagaacatgg	24	45.8	59.9	45.8	59.9	2.6
amplicon_44	326	FW_766	0	23427	23447	tttcaaacacgtgcaggctgt	21	47.6	59.5	47.6	59.5	1.4
amplicon_44	326	RW_793	0	23729	23752	ttgctgcattcarttgaatcacca	24	41.7	59.9	39.6	59.2	3.5
amplicon_45	267	FW_780	0	23925	23948	ccatcaaaaccaagcaagaggtca	24	45.8	60.0	45.8	60.0	2.4
amplicon_45	267	RW_811	0	24169	24191	tggtatttgtaatgcagcacctg	23	43.5	57.7	43.5	57.7	7.0
amplicon_46	295	FW_803	0	24452	24474	tgacaaagttgaggctgaagtgc	23	47.8	59.9	47.8	59.9	1.6
amplicon_46	295	RW_834	0	24725	24746	acaaatggcaggagcagttgtg	22	50.0	60.0	50.0	60.0	0.6
amplicon_47	276	FW_826	0	24991	25014	ttgatttaggtgacatctctggca	24	41.7	58.2	41.7	58.2	6.8
amplicon_47	276	RW_850	0	25244	25266	tttgcagcagratccacaagaac	23	47.8	60.0	45.7	59.2	1.7
amplicon_48	272	FW_845	0	25460	25481	yggatggcttattgttgkcgtt	22	50.0	60.1	45.5	58.4	1.2
amplicon_48	272	RW_864	0	25710	25731	gcatttccagcaaagccaaagc	22	50.0	60.1	50.0	60.1	0.6
amplicon_49	314	FW_857	0	25845	25866	aggtgatggcayaacaagtcct	22	50.0	60.2	47.7	58.8	1.1
amplicon_49	314	RW_881	0	26137	26158	acaaaggcacgctagtagtcgt	22	50.0	60.0	50.0	60.0	0.6
amplicon_50	342	FW_880	0	26455	26477	tttagccatggcarrttccaacg	23	47.8	59.9	47.8	60.2	2.1
amplicon_50	342	RW_905	0	26775	26796	aatgaccacatggaacgcgtac	22	50.0	59.6	50.0	59.6	1.4
amplicon_51	324	FW_910	0	27050	27071	agtcgctacaggattggcaact	22	50.0	60.1	50.0	60.1	0.6
amplicon_51	324	RW_928	0	27350	27373	gtarygagtgttatcagtgccaag	24	50.0	59.9	45.8	57.9	2.1
amplicon_52	322	FW_924	0	27563	27584	acgtgmcagatcagyttcacct	22	50.0	60.3	50.0	60.0	1.4
amplicon_52	322	RW_938	0	27861	27884	rgtraaatgcagctacagttgtga	24	45.8	60.0	41.7	58.5	2.8
amplicon_53	308	FW_938	0	28116	28138	tgggtagtcttgtagtgcgttgt	23	47.8	59.9	47.8	59.9	1.6
amplicon_53	308	RW_958	0	28403	28423	attggaacgccttgtcctcga	21	52.4	60.0	52.4	60.0	0.6
amplicon_54	281	FW_962	0	28600	28620	ttgcaaytgakggagccttga	21	52.4	59.9	47.6	58.2	1.0
amplicon_54	281	RW_987	0	28860	28880	tctgtcaagcagcagcaaagc	21	52.4	60.0	52.4	60.0	0.5
amplicon_55	347	FW_996	0	29141	29161	gttcttcggaatgtcgcgcat	21	52.4	59.9	52.4	59.9	0.7
amplicon_55	347	RW_1021	0	29467	29487	tctgccttgtgtggtctgcat	21	52.4	60.3	52.4	60.3	1.0
amplicon_56	267	FW_11	1	270	291	agagccttgtccctggtttcaa	22	50.0	59.9	50.0	59.9	0.7
amplicon_56	267	RW_25	1	515	536	atgccttcgagttctgctacca	22	50.0	59.8	50.0	59.8	0.9
amplicon_57	295	FW_34	1	684	704	acgagcttggcactgatcctt	21	52.4	60.0	52.4	60.0	0.6
amplicon_57	295	RW_49	1	957	978	gaacgttccgtgtaccaagcaa	22	50.0	59.7	50.0	59.7	1.1
amplicon_58	344	FW_63	1	1236	1257	ggcagacgggygattttgttaa	22	50.0	60.1	47.7	58.8	0.8
amplicon_58	344	RW_83	1	1558	1579	accttcgraaccttctccaaca	22	50.0	59.6	47.7	58.7	1.5
amplicon_59	291	FW_87	1	1847	1867	gcatttgcatcagaggytgct	21	52.4	59.9	50.0	58.8	0.9
amplicon_59	291	RW_100	1	2116	2137	aagccaatcaaggaygggtttg	22	50.0	59.7	47.7	58.6	1.3
amplicon_60	332	FW_109	1	2367	2389	catttrtcacgcactcaaaggga	23	47.8	60.0	45.7	58.7	1.7
amplicon_60	332	RW_122	1	2678	2698	accgcctttragtgtgaaggt	21	52.4	60.2	50.0	59.0	1.1
amplicon_61	300	FW_133	1	2849	2870	aatgagttcgcctgtgttgtgg	22	50.0	59.7	50.0	59.7	1.1
amplicon_61	300	RW_140	1	3128	3148	gcagcagaagtggcaccaaat	21	52.4	60.0	52.4	60.0	0.5
amplicon_62	339	FW_148	1	3437	3460	ccttaaacatggaggaggtgttgc	24	50.0	60.1	50.0	60.1	1.7
amplicon_62	339	RW_163	1	3752	3775	acagytaartagacatttgtgcga	24	41.7	58.7	37.5	57.0	6.1
amplicon_63	357	FW_166	1	4034	4057	tcatccagattctgccactcttgt	24	45.8	60.0	45.8	60.0	2.4
amplicon_63	357	RW_181	1	4369	4390	gcatgtgcwagcatttctcgca	22	50.0	61.2	50.0	60.7	3.1
amplicon_64	294	FW_183	1	4483	4505	agggtgtggttgattatggtgct	23	47.8	60.3	47.8	60.3	2.0
amplicon_64	294	RW_196	1	4756	4776	aggaaccagcaagtgagatgg	21	52.4	58.0	52.4	58.0	4.5
amplicon_65	354	FW_198	1	4987	5009	cgcaagttgtggacatgtcaatg	23	47.8	59.3	47.8	59.3	2.9
amplicon_65	354	RW_210	1	5318	5340	aagcatcttgtagagcaggtgga	23	47.8	59.8	47.8	59.8	1.9
amplicon_66	364	FW_220	1	5655	5678	tttgttatgatgtcagcaccacct	24	41.7	58.9	41.7	58.9	5.3
amplicon_66	364	RW_233	1	5996	6018	agcttgcgtttggatatggttgg	23	47.8	60.1	47.8	60.1	1.7
amplicon_67	346	FW_238	1	6285	6308	tggagyacaaaaccagttgaaaca	24	41.7	60.0	39.6	58.6	3.4
amplicon_67	346	RW_254	1	6607	6630	gcagctaaaccatgartagcaagg	24	50.0	60.2	47.9	59.4	2.0
amplicon_68	351	FW_251	1	6860	6883	gtcggtaaattttgtctagaggct	24	41.7	57.0	41.7	57.0	9.2
amplicon_68	351	RW_262	1	7187	7210	gccaaaagcagttaaatcccattt	24	37.5	57.1	37.5	57.1	9.7
amplicon_69	313	FW_260	1	7360	7380	acaaatggcmccgatttcagc	21	52.4	59.8	50.0	58.9	1.0
amplicon_69	313	RW_273	1	7649	7672	ctgtagtgacaagtctctcgcaac	24	50.0	59.6	50.0	59.6	2.4
amplicon_70	275	FW_270	1	7898	7921	tcatctgcaaaatcagcgtctgtt	24	41.7	59.7	41.7	59.7	3.7
amplicon_70	275	RW_287	1	8152	8172	tcaacaaacccttgccgagct	21	52.4	60.8	52.4	60.8	2.1
amplicon_71	358	FW_284	1	8420	8443	cgaaaacaaatacgtagtgctgct	24	41.7	58.5	41.7	58.5	6.1
amplicon_71	358	RW_301	1	8756	8777	aactaccaccacgctggctaaa	22	50.0	60.3	50.0	60.3	1.0
amplicon_72	320	FW_303	1	9087	9108	tacgccctgacacacgttatgt	22	50.0	60.0	50.0	60.0	0.6
amplicon_72	320	RW_322	1	9385	9406	agcyacaayaccaccagctact	22	50.0	59.5	50.0	59.4	1.9
amplicon_73	337	FW_318	1	9623	9646	cagtggatggttatgttcacacct	24	45.8	59.0	45.8	59.0	4.3
amplicon_73	337	RW_334	1	9938	9959	tgagagcctttgcragatgaca	22	50.0	60.0	47.7	59.2	0.8
amplicon_74	323	FW_338	1	10238	10261	caggctggtaatgttcaactcagg	24	50.0	59.8	50.0	59.8	1.8
amplicon_74	323	RW_359	1	10540	10560	tctgtgccagcatgaactcca	21	52.4	60.0	52.4	60.0	0.5
amplicon_75	326	FW_360	1	10864	10886	tggacgtaccatattgggtagtg	23	47.8	57.7	47.8	57.7	6.0
amplicon_75	326	RW_384	1	11167	11189	aagctacagyggcaagagaaggt	23	47.8	60.0	50.0	61.2	1.7
amplicon_76	364	FW_376	1	11426	11446	gccatttccatgtgggctctt	21	52.4	59.2	52.4	59.2	2.0
amplicon_76	364	RW_398	1	11769	11789	gtttgccaccaacacccaaca	21	52.4	60.1	52.4	60.1	0.7
amplicon_77	319	FW_389	1	11994	12015	tttccatgcrgggtgctgtaga	22	50.0	60.0	52.3	61.2	0.7
amplicon_77	319	RW_419	1	12290	12312	acttttgccctcttgtcctcaga	23	47.8	59.9	47.8	59.9	1.6
amplicon_78	276	FW_410	1	12512	12534	gcatcagcattgtgggaaatcca	23	47.8	60.1	47.8	60.1	1.7
amplicon_78	276	RW_440	1	12764	12787	tgcaagtacaaacctacctccctt	24	45.8	59.9	45.8	59.9	2.5
amplicon_79	265	FW_431	1	12976	12997	agctgccacagtacgtytacaa	22	50.0	59.7	47.7	59.1	1.3
amplicon_79	265	RW_461	1	13219	13240	tatgtggcaacggcagtacaga	22	50.0	60.0	50.0	60.0	0.6
amplicon_80	315	FW_453	1	13438	13459	aaacgggtttgcggtgtaagtg	22	50.0	60.2	50.0	60.2	0.9
amplicon_80	315	RW_478	1	13731	13752	atgtggtaccatgtcaccgtct	22	50.0	59.5	50.0	59.5	1.5
amplicon_81	316	FW_469	1	13988	14009	tctgtgatgccatgcgaaatgc	22	50.0	60.5	50.0	60.5	1.4
amplicon_81	316	RW_495	1	14281	14303	tttgggtgrtatrtctgatccca	23	47.8	59.5	43.5	57.1	2.9
amplicon_82	282	FW_488	1	14593	14614	acgtgcttttcagtagctgcac	22	50.0	60.0	50.0	60.0	0.5
amplicon_82	282	RW_510	1	14851	14874	acagccaccatcgtaacaatcaaa	24	41.7	59.5	41.7	59.5	4.3
amplicon_83	349	FW_503	1	15079	15101	accgtrgctggtgtctctatctg	23	52.2	59.4	54.3	60.7	2.9
amplicon_83	349	RW_531	1	15406	15427	aacygccacacatgaccatttc	22	50.0	60.0	47.7	58.9	0.8
amplicon_84	282	FW_525	1	15723	15746	tgcatctcaaggtctagtggctag	24	50.0	59.9	50.0	59.9	1.7
amplicon_84	282	RW_553	1	15982	16004	agctaaagacacgaaccgttcaa	23	43.5	58.8	43.5	58.8	4.6
amplicon_85	308	FW_544	1	16259	16280	tggtgcttgyatacgtagacca	22	50.0	60.0	47.7	58.5	0.8
amplicon_85	308	RW_574	1	16545	16566	caccagcatttgtccartcaca	22	50.0	59.4	47.7	58.6	1.9
amplicon_86	336	FW_562	1	16828	16850	gtgatgctgttgtttaycgaggt	23	47.8	59.5	45.7	58.4	2.7
amplicon_86	336	RW_595	1	17142	17163	atagtgcatcaacagcggcatg	22	50.0	59.9	50.0	59.9	0.6
amplicon_87	263	FW_580	1	17297	17318	attgcctgagacgacagyagat	22	50.0	60.1	47.7	58.6	0.9
amplicon_87	263	RW_612	1	17537	17559	caacaatttcagcaggacaacgc	23	47.8	59.7	47.8	59.7	1.9
amplicon_88	358	FW_600	1	17806	17829	ctgttgattcatcacagggctcag	24	50.0	59.9	50.0	59.9	1.7
amplicon_88	358	RW_633	1	18140	18163	gtcatgtccttargtatgccaggt	24	50.0	60.2	47.9	59.4	2.0
amplicon_89	354	FW_617	1	18291	18314	gggtgtcatgctactagagaagct	24	50.0	59.9	50.0	59.9	1.7
amplicon_89	354	RW_651	1	18623	18644	acatagacaacargtgcgctca	22	50.0	60.3	47.7	59.4	1.3
amplicon_90	278	FW_640	1	18812	18835	tgcacatgtagctagttgtgatgc	24	45.8	59.9	45.8	59.9	2.6
amplicon_90	278	RW_675	1	19067	19089	tgtcactacaaggctgtgcatca	23	47.8	60.5	47.8	60.5	2.4
amplicon_91	266	FW_661	1	19284	19305	catgcattccacacaccrgctt	22	50.0	60.0	52.3	61.2	0.8
amplicon_91	266	RW_690	1	19526	19549	ttgtaaacccacaagctaaagcca	24	41.7	59.3	41.7	59.3	4.5
amplicon_92	340	FW_673	1	19819	19839	tgggtgtggacattgctgcta	21	52.4	60.0	52.4	60.0	0.5
amplicon_92	340	RW_709	1	20135	20158	tgttgracaayaccatcaactttc	24	41.7	58.3	37.5	56.3	7.0
amplicon_93	332	FW_688	1	20437	20459	cagatgcgcaaacaggttcatct	23	47.8	60.1	47.8	60.1	1.6
amplicon_93	332	RW_718	1	20745	20768	tgcgacattcatcattatgccttt	24	37.5	57.8	37.5	57.8	8.4
amplicon_94	338	FW_698	1	20864	20884	agttgcaccaggtacagctgt	21	52.4	59.9	52.4	59.9	0.6
amplicon_94	338	RW_731	1	21181	21201	accatgcgaagtgtcccatga	21	52.4	60.1	52.4	60.1	0.6
amplicon_95	315	FW_715	1	21269	21288	tggcaaamcacgcgaacaaa	20	50.0	59.8	47.5	58.9	1.0
amplicon_95	315	RW_738	1	21560	21583	cacactgactagagactagtrgca	24	50.0	59.5	47.9	58.3	2.6
amplicon_96	295	FW_724	1	21740	21763	ctgggaccaatggtaytaagaggt	24	50.0	59.6	47.9	58.8	2.6
amplicon_96	295	RW_747	1	22011	22034	aggtccataagaaaaggctgagag	24	45.8	58.3	45.8	58.3	5.8
amplicon_97	300	FW_731	1	22278	22300	gctgktkctgcagcttattatgt	23	47.8	59.9	43.5	57.9	2.0
amplicon_97	300	RW_756	1	22554	22577	gctgattctcktcctrttccaagc	24	50.0	60.1	50.0	59.9	2.1
amplicon_98	291	FW_742	1	22776	22799	ccagatgattttacaggytgygtt	24	45.8	60.1	41.7	58.0	3.0
amplicon_98	291	RW_765	1	23043	23066	tgctgrtgcatgtagaagttcaaa	24	41.7	59.4	39.6	58.4	4.6
amplicon_99	301	FW_755	1	23219	23239	tgwtgctgtccgtgatccaca	21	52.4	59.8	52.4	60.0	1.1
amplicon_99	301	RW_785	1	23498	23519	actagcgcatatacctgcacca	22	50.0	59.7	50.0	59.7	1.2
amplicon_100	276	FW_776	1	23726	23749	ttgtggtgattcaaytgaatgcag	24	41.7	58.4	39.6	57.7	6.5
amplicon_100	276	RW_799	1	23980	24001	atgaagccagcatctgcaagtg	22	50.0	59.8	50.0	59.8	0.8
amplicon_101	353	FW_791	1	24122	24143	ttctgcactgttagcgggtaca	22	50.0	60.0	50.0	60.0	0.5
amplicon_101	353	RW_820	1	24452	24474	gcacttcagcctcaactttgtca	23	47.8	59.9	47.8	59.9	1.6
amplicon_102	289	FW_818	1	24725	24746	cacaactgctcctgccatttgt	22	50.0	60.0	50.0	60.0	0.6
amplicon_102	289	RW_842	1	24990	25013	gccagagatgtcacctaaatcaac	24	45.8	57.8	45.8	57.8	6.6
amplicon_103	286	FW_831	1	25199	25221	gctttgctgtatgaccagttgct	23	47.8	60.0	47.8	60.0	1.5
amplicon_103	286	RW_859	1	25464	25484	tgcaacgmcaacaataagcca	21	47.6	59.7	45.2	58.3	1.3
amplicon_104	263	FW_850	1	25604	25625	ctcacaccttttgctcrttgct	22	50.0	59.9	47.7	58.8	0.8
amplicon_104	263	RW_868	1	25845	25866	aggacttgttrtgccatcacct	22	50.0	60.2	47.7	58.8	1.1
amplicon_105	341	FW_869	1	26137	26158	acgactactagcgtgcctttgt	22	50.0	60.0	50.0	60.0	0.6
amplicon_105	341	RW_892	1	26455	26477	cgttggaayytgccatggctaaa	23	47.8	59.9	47.8	60.2	2.1
amplicon_106	313	FW_891	1	26759	26779	ttcagactgtttgcgcgtacg	21	52.4	59.8	52.4	59.8	1.0
amplicon_106	313	RW_921	1	27050	27071	agttgccaatcctgtagcgact	22	50.0	60.1	50.0	60.1	0.6
amplicon_107	289	FW_916	1	27296	27318	agaygaagagcaacyaatggaga	23	43.5	57.8	43.5	57.6	7.0
amplicon_107	289	RW_935	1	27563	27584	aggtgaarctgatctgkcacgt	22	50.0	60.3	50.0	60.0	1.4
amplicon_108	285	FW_928	1	27854	27877	kgaatcatcacaactgtagctgca	24	45.8	59.6	43.8	59.3	3.4
amplicon_108	285	RW_947	1	28116	28138	acaacgcactacaagactaccca	23	47.8	59.9	47.8	59.9	1.6
amplicon_109	298	FW_948	1	28355	28375	ttggttyacygctctcactca	21	52.4	59.6	47.6	57.2	1.6
amplicon_109	298	RW_975	1	28632	28652	attrcgggtgccaatgtgatc	21	52.4	59.9	50.0	58.3	0.9
amplicon_110	320	FW_980	1	28858	28878	ttgctttgctgctgcttgaca	21	47.6	59.9	47.6	59.9	0.7
amplicon_110	320	RW_1007	1	29157	29177	tgtgacttccatgccaatgcg	21	52.4	59.8	52.4	59.8	0.9
amplicon_111	322	FW_1012	1	29455	29476	argcctaaactcatgcagacca	22	50.0	59.8	47.7	58.9	1.2
amplicon_111	322	RW_1033	1	29753	29776	aaatcacatggggatagcactact	24	41.7	57.8	41.7	57.8	7.6
